{
  "num_token_scores": 392,
  "num_transitions": 2,
  "num_positive_scores": 391,
  "num_nonpositive_scores": 1,
  "positive_score_fraction": 0.9974489795918368,
  "min": -8.107592271959903e-05,
  "max": 0.0190699579150675,
  "mean": 0.0010590819432018089,
  "median": 0.0005281837896038226,
  "std": 0.0019835694083043466,
  "p90": 0.0019526822032276715,
  "p95": 0.003974072915345456,
  "p99": 0.01246535065550509,
  "transition_mean_min": 0.000946409229195749,
  "transition_mean_max": 0.0011717546572078685,
  "transition_mean_avg": 0.0010590819432018087,
  "transition_mean_median": 0.0010590819432018087,
  "score_key": "token_importance_scores",
  "score_label": "Token Importance Score",
  "input_jsonl": "/home/nxc/sooyoung7896/kvcache_exp/kv_reuse_nextqa/results/drift_oracle.jsonl"
}
